[{"footer-area-1":["text-2","text-3"]},{"text":{"2":{"title":"","text":"<div class=\"clearfix\" style=\"border-bottom: 1px solid #c3d8e0; padding-bottom: 25px;\">\r\n\r\n[one_second]\r\n<ul style=\"display: block; margin-bottom: 5px;\">\r\n\t<li style=\"display: inline-block; margin: 0 10px 0 0;\"><a href=\"#\">Consequat<\/a><\/li>\r\n\t<li style=\"display: inline-block; margin: 0 10px 0 0;\"><a href=\"#\">Donec<\/a><\/li>\r\n\t<li style=\"display: inline-block; margin: 0 10px 0 0;\"><a href=\"#\">Faucibus<\/a><\/li>\r\n\t<li style=\"display: inline-block; margin: 0 10px 0 0;\"><a href=\"#\">Odio porta<\/a><\/li>\r\n\t<li style=\"display: inline-block; margin: 0 10px 0 0;\"><a href=\"#\">Integer<\/a><\/li>\r\n<\/ul>\r\n[\/one_second]\r\n\r\n[one_second]\r\n<div style=\"text-align: right; margin-bottom: 5px;\">\r\n[image src=\"http:\/\/themes.muffingroup.com\/be\/transfer\/wp-content\/uploads\/2015\/06\/home_transfer_payment.png\" border=\"0\"]\r\n<\/div>\r\n[\/one_second]\r\n\r\n<\/div>","filter":false},"3":{"title":"","text":"[one_second]\r\n<div style=\"margin-bottom: 5px;\">\r\n\u00a9 2015 BeTransfer - BeTheme. All Rights Reserved. Muffin group\r\n<\/div>\r\n[\/one_second]\r\n\r\n[one_second]\r\n<div style=\"text-align: right; margin-bottom: 5px;\">\r\n[image src=\"http:\/\/themes.muffingroup.com\/be\/transfer\/wp-content\/uploads\/2015\/06\/home_transfer_logo_footer.png\" border=\"0\"]\r\n<\/div>\r\n[\/one_second]\r\n","filter":false},"_multiwidget":1}}]