[{"sidebar-blog":["search-2","text-6","widget_mfn_recent_posts-2","meta-2"],"footer-area-1":["text-2"],"footer-area-2":["text-3"],"footer-area-3":["text-4"],"footer-area-4":["text-5"]},{"search":{"2":{"title":"Search"},"_multiwidget":1},"text":{"6":{"title":"About us","text":"Curabitur eget odio sem. Vivamus laoreet, mi et dictum malesuada, nisl diam scelerisque nulla, sed maximus dolor est a lacus. ","filter":false},"2":{"title":"Shortcut links","text":"<ul class=\"footer_links\"><li><a href=\"#\">Quent per conubia nostra<\/a><\/li><li><a href=\"#\">Nceptos himenaeos<\/a><\/li><li><a href=\"#\">Mauris in erat<\/a><\/li><li><a href=\"#\">Lustoac<\/a><\/li><\/ul>","filter":false},"3":{"title":"Our mission","text":"<ul class=\"footer_links\"><li><a href=\"#\">Aenean sollicitudin orem qui<\/a><\/li><li><a href=\"#\">Duis sed odio sit amet nibh<\/a><\/li><li><a href=\"#\">Morbi accumsan ipsum velit<\/a><\/li><li><a href=\"#\">Nam nec tellus <\/a><\/li><li><a href=\"#\">Class aptent taciti sociosqu <\/a><\/li><li><a href=\"#\">Mauris in erat justo<\/a><\/li><li><a href=\"#\">Sed non neque<\/a><\/li><\/ul>","filter":false},"4":{"title":"About us","text":"<ul class=\"footer_links\"><li><a href=\"#\">Duis sed odio sit amet nibh<\/a><\/li><li><a href=\"#\">Morbi accumsan ipsum velit<\/a><\/li><li><a href=\"#\">Nam nec tellus <\/a><\/li><li><a href=\"#\">Class aptent taciti sociosqu <\/a><\/li><li><a href=\"#\">Mauris in erat justo<\/a><\/li><li><a href=\"#\">Sed non neque<\/a><\/li><\/ul>","filter":false},"5":{"title":"Departments","text":"<ul class=\"footer_links\"><li><a href=\"#\">Nam nec tellus <\/a><\/li><li><a href=\"#\">Class aptent taciti sociosqu <\/a><\/li><li><a href=\"#\">Mauris in erat justo<\/a><\/li><li><a href=\"#\">Sed non neque<\/a><\/li><\/ul>","filter":false},"_multiwidget":1},"widget_mfn_recent_posts":{"2":{"title":"Recent posts","count":2,"category":""},"_multiwidget":1},"meta":{"2":{"title":"Meta"},"_multiwidget":1}}]