[{"footer-area-1":["text-2"],"footer-area-2":["text-3"],"footer-area-3":["text-4"],"footer-area-4":["text-5"]},{"text":{"2":{"title":"Serif","text":"<ul class=\"footer_links\"><li><a href=\"#\">Quent per conubia nostra<\/a><\/li><li><a href=\"#\">Nceptos himenaeos<\/a><\/li><li><a href=\"#\">Mauris in erat<\/a><\/li><li><a href=\"#\">Lustoac<\/a><\/li><\/ul>","filter":false},"3":{"title":"Sans Serif","text":"<ul class=\"footer_links\"><li><a href=\"#\">Aenean sollicitudin orem qui<\/a><\/li><li><a href=\"#\">Duis sed odio sit amet nibh<\/a><\/li><li><a href=\"#\">Morbi accumsan ipsum velit<\/a><\/li><li><a href=\"#\">Nam nec tellus <\/a><\/li><li><a href=\"#\">Class aptent taciti sociosqu <\/a><\/li><li><a href=\"#\">Mauris in erat justo<\/a><\/li><li><a href=\"#\">Sed non neque<\/a><\/li><\/ul>","filter":false},"4":{"title":"Handwrited","text":"<ul class=\"footer_links\"><li><a href=\"#\">Duis sed odio sit amet nibh<\/a><\/li><li><a href=\"#\">Morbi accumsan ipsum velit<\/a><\/li><li><a href=\"#\">Nam nec tellus <\/a><\/li><li><a href=\"#\">Class aptent taciti sociosqu <\/a><\/li><li><a href=\"#\">Mauris in erat justo<\/a><\/li><li><a href=\"#\">Sed non neque<\/a><\/li><\/ul>","filter":false},"5":{"title":"Display","text":"<ul class=\"footer_links\"><li><a href=\"#\">Nam nec tellus <\/a><\/li><li><a href=\"#\">Class aptent taciti sociosqu <\/a><\/li><li><a href=\"#\">Mauris in erat justo<\/a><\/li><li><a href=\"#\">Sed non neque<\/a><\/li><\/ul>","filter":false},"_multiwidget":1}}]