[{"footer-area-1":["text-4"],"footer-area-2":["text-3"],"footer-area-3":["text-2"]},{"text":{"4":{"title":"About us","text":"Curabitur et ligula. Ut molestie a, ultricies porta urna. Vestibulum commodo volutpat a, convallis. Phasellus fermentum in, dolor. Pellentesque facilisis. Nulla imper diet sit amet magna. Vestibulum dapibus, mauris nec malesuada fames ac turpis velit, rhoncus eu luctus et ac, laoreet enim.","filter":false},"3":{"title":"Our mission","text":"Proin gravida nibh vel velit auctor aliquet. Aenean sollicitudin, lorem quis bibendum auctor, nisi elit consequat ipsum, nec sagittis sem nibh id elit. Duis sed odio sit amet. Sed ut imperdiet nisi. Proin condimentum fermentum nunc. Etiam pharetra, erat sed fermentum feugiat, velit mauris.","filter":false},"2":{"title":"Shortcut links","text":"<ul style=\"float: left; width: 46%; margin-left: 4%; list-style: square; line-height: 27px;\">\r\n<li><a href=\"#\">Velit mauris<\/a><\/li>\r\n<li><a href=\"#\">Entum feuis<\/a><\/li>\r\n<li><a href=\"#\">Aliquam massa <\/a><\/li>\r\n<li><a href=\"#\">Egestas quam<\/a><\/li>\r\n<\/ul>\r\n<ul style=\"float: left; width: 46%; margin-left: 4%; list-style: square; line-height: 27px;\">\r\n<li><a href=\"#\">Aenean ligula<\/a><\/li>\r\n<li><a href=\"#\">Dapibus at dolor<\/a><\/li>\r\n<li><a href=\"#\">Molestie id<\/a><\/li>\r\n<li><a href=\"#\">Vestibulum<\/a><\/li>\r\n<\/ul>","filter":false},"_multiwidget":1}}]