[{"footer-area-1":["text-2"],"footer-area-2":["text-3"],"footer-area-3":["text-5"],"footer-area-4":["text-4"]},{"text":{"2":{"title":"Bibendum auctor","text":"<ul style=\"line-height: 35px;\">\r\n<li><a href=\"#\">Aenean ligula<\/a><\/li>\r\n<li><a href=\"#\">Dapibus at dolor<\/a><\/li>\r\n<li><a href=\"#\">Molestie id<\/a><\/li>\r\n<li><a href=\"#\">Vestibulum<\/a><\/li>\r\n<li><a href=\"#\">Aenean ligula<\/a><\/li>\r\n<\/ul>","filter":false},"3":{"title":"Class aptent","text":"<ul style=\"line-height: 35px;\">\r\n<li><a href=\"#\">Velit mauris<\/a><\/li>\r\n<li><a href=\"#\">Entum feuis<\/a><\/li>\r\n<li><a href=\"#\">Aliquam massa <\/a><\/li>\r\n<li><a href=\"#\">Egestas quam<\/a><\/li>\r\n<\/ul>","filter":false},"5":{"title":"Vesti bulum","text":"<ul style=\"line-height: 35px;\">\r\n<li><a href=\"#\">Aenean ligula<\/a><\/li>\r\n<li><a href=\"#\">Dapibus at dolor<\/a><\/li>\r\n<li><a href=\"#\">Molestie id<\/a><\/li>\r\n<li><a href=\"#\">Vestibulum<\/a><\/li>\r\n<li><a href=\"#\">Aenean ligula<\/a><\/li>\r\n<\/ul>","filter":false},"4":{"title":"Egestas feuis","text":"<ul style=\"line-height: 35px;\">\r\n<li><a href=\"#\">Entum feuis<\/a><\/li>\r\n<li><a href=\"#\">Aliquam massa <\/a><\/li>\r\n<li><a href=\"#\">Egestas quam<\/a><\/li>\r\n<\/ul>","filter":false},"_multiwidget":1}}]