[{"footer-area-1":["nav_menu-2","text-2"],"footer-area-2":["text-3"]},{"nav_menu":{"2":{"nav_menu":2},"_multiwidget":1},"text":{"2":{"title":"","text":"[image src=\"http:\/\/themes.muffingroup.com\/be\/tuning\/wp-content\/uploads\/2015\/08\/home_tuning_sep4.png\" border=\"0\"]\r\n[divider height=\"20\"]\r\n<p>Nulla facilisi. Proin ultrices dui in diam euismod, sed iaculis nunc interdum suspendisse<br \/>\r\nvehicula porta. Ut felis erat, faucibus ac ipsum in<\/p>\r\n\r\n","filter":false},"3":{"title":"","text":"<div style=\"background: #ff0000; text-align: right; padding: 100px 20px 20px 20px;\">\r\n[image src=\"http:\/\/themes.muffingroup.com\/be\/tuning\/wp-content\/uploads\/2015\/08\/home_tuning_be_logo.png\" border=\"0\"]\r\n<\/div>","filter":false},"_multiwidget":1}}]